{
	"format_version": "1.8.0",
	"animations": {
		"animation.mutant_zombie.walk": {
			"loop": true,
			"animation_length": 2,
			"bones": {
				"main": {
					"rotation": [0, 0, 0],
					"position": {
						"0.0": [0, -5.5, 0],
						"0.25": [0, -6.35, 0],
						"0.5": [0, 0, 0],
						"0.75": [0, 0.25, 0],
						"1.0": [0, -5.5, 0],
						"1.25": [0, -6.35, 0],
						"1.5": [0, 0, 0],
						"1.75": [0, 0.25, 0],
						"2.0": [0, -5.5, 0]
					},
					"scale": 1
				},
				"body": {
					"rotation": {
						"0.0": [0, 0, 0],
						"0.3333": [12.5, 0, 0],
						"0.9167": [0, 0, 0],
						"1.25": [12.5, 0, 0],
						"1.6667": [0, 0, 0],
						"2.0": [0, 0, 0]
					}
				},
				"jaw2": {
					"rotation": {
						"0.0": [0, 0, 0],
						"0.25": [12.5, 0, 0],
						"1.0": [0, 0, 0],
						"1.25": [15, 0, 0],
						"2.0": [0, 0, 0]
					}
				},
				"head1": {
					"rotation": {
						"0.0": [-22.5, 0, 0],
						"0.25": [2.5, 0, 0],
						"1.0": [-22.5, 0, 0],
						"1.25": [2.5, 0, 0],
						"2.0": [-22.5, 0, 0]
					}
				},
				"upperleftarm": {
					"rotation": {
						"0.0": [-60, 0, -20],
						"1.0": [50, 0, -20],
						"2.0": [-60, 0, -20]
					}
				},
				"lefthand": {
					"rotation": {
						"0.0": [-32.5, 0, 0],
						"1.0833": [0, 0, 0],
						"2.0": [-32.5, 0, 0]
					}
				},
				"rightfeet": {
					"rotation": {
						"0.0": [-42.5, 0, 0],
						"0.25": [-63.33333, 0, 0],
						"0.5": [0, 0, 0],
						"0.75": [15, 0, 0],
						"1.0": [37.5, 0, 0],
						"1.25": [27.5, 0, 0],
						"1.5": [-45, 0, 0],
						"1.75": [-60, 0, 0],
						"2.0": [-42.5, 0, 0]
					},
					"position": [0, 0, 0],
					"scale": 1
				},
				"bottomrightfeet": {
					"rotation": {
						"0.0": [0, 0, 0],
						"0.25": [63.33333, 0, 0],
						"0.5": [0, 0, 0],
						"1.0": [22.5, 0, 0],
						"1.25": [37.5, 0, 0],
						"1.5": [80, 0, 0],
						"1.75": [67.5, 0, 0],
						"2.0": [0, 0, 0]
					},
					"position": [0, 0, 0],
					"scale": 1
				},
				"upperbody": {
					"rotation": {
						"0.0": [0, 0, 0],
						"0.375": [15, 0, 0],
						"0.9583": [0, 0, 0],
						"1.3333": [15, 0, 0],
						"1.75": [0, 0, 0],
						"2.0": [0, 0, 0]
					}
				},
				"upperrightarm3": {
					"rotation": {
						"0.0": [50, 0, 27.5],
						"1.0": [-52.5, 0, 27.5],
						"2.0": [50, 0, 27.5]
					}
				},
				"righthand3": {
					"rotation": {
						"0.0": [0, 0, 0],
						"1.0": [-42.5, 0, 0],
						"2.0": [0, 0, 0]
					}
				},
				"leftfeet": {
					"rotation": {
						"0.0": [37.5, 0, 0],
						"0.25": [27.5, 0, 0],
						"0.5": [-45, 0, 0],
						"0.75": [-60, 0, 0],
						"1.0": [-42.5, 0, 0],
						"1.25": [-63.33333, 0, 0],
						"1.5": [0, 0, 0],
						"1.75": [15, 0, 0],
						"2.0": [37.5, 0, 0]
					},
					"position": [0, 0, 0],
					"scale": 1
				},
				"bottomleftfeet": {
					"rotation": {
						"0.0": [22.5, 0, 0],
						"0.25": [37.5, 0, 0],
						"0.5": [80, 0, 0],
						"0.75": [67.5, 0, 0],
						"1.0": [0, 0, 0],
						"1.25": [63.33333, 0, 0],
						"1.5": [0, 0, 0],
						"2.0": [22.5, 0, 0]
					},
					"position": [0, 0, 0],
					"scale": 1
				},
				"upperleftarm2": {
					"rotation": {
						"0.0": [108.84359, 21.40584, 7.09999],
						"0.3333": [47.75318, 17.04679, -14.9092],
						"1.0": [108.84359, 21.40584, 7.09999],
						"1.3333": [47.75318, 17.04679, -14.9092],
						"2.0": [108.84359, 21.40584, 7.09999]
					}
				},
				"lefthand2": {
					"rotation": {
						"0.0": [-30, 0, 0],
						"1.0": [-30, 0, 0],
						"1.4167": [-50, 0, 0],
						"2.0": [-30, 0, 0]
					}
				},
				"upperleftarm3": {
					"rotation": {
						"0.0": [137.26579, -15.69986, -16.32495],
						"0.3333": [79.19476, -22.13991, 4.11405],
						"1.0": [137.26579, -15.69986, -16.32495],
						"1.3333": [79.19476, -22.13991, 4.11405],
						"2.0": [137.26579, -15.69986, -16.32495]
					}
				},
				"lefthand3": {
					"rotation": {
						"0.0": [-30, 0, 0],
						"0.4167": [-62.5, 0, 0],
						"1.0": [-30, 0, 0],
						"1.4167": [-87.5, 0, 0],
						"2.0": [-30, 0, 0]
					}
				},
				"head2": {
					"rotation": {
						"0.4583": [0, 0, 0],
						"0.625": [0, 0, 15],
						"0.6667": [0, 0, -22.5],
						"0.7083": [0, 0, 15],
						"0.75": [0, 0, -22.5],
						"0.9583": [0, 0, 15],
						"1.0": [0, 0, -22.5],
						"1.2917": [0, 0, 15],
						"1.3333": [0, 0, -22.5],
						"1.4167": [0, 0, 0]
					}
				},
				"jaw": {
					"rotation": {
						"0.4583": [0, 0, 0],
						"0.5417": [0, 0, 20],
						"0.5833": [0, 0, -10],
						"0.625": [0, 0, 20],
						"0.6667": [0, 0, -10],
						"0.7917": [0, 0, 20],
						"0.8333": [0, 0, -10],
						"1.0417": [0, 0, 20],
						"1.0833": [0, 0, -10],
						"1.1667": [0, 0, 0]
					}
				}
			}
		},
		"animation.mutant_zombie.melee_attack": {
			"animation_length": 0.83333,
			"bones": {
				"main": {
					"position": [0, -1.5, 0]
				},
				"body": {
					"rotation": {
						"0.0": [17.5, 0, 0],
						"0.1667": [21.67413, -35.49178, -12.99301],
						"0.625": [19.56838, 26.12797, 8.89674]
					}
				},
				"upperbody": {
					"rotation": {
						"0.0": [15, 0, 0],
						"0.3333": [15.50409, -14.47751, -3.96713],
						"0.7083": [16.17354, 21.69365, 6.1191]
					}
				},
				"head2": {
					"rotation": {
						"0.0": [0, 0, 0],
						"0.0417": [-8.75, 13.33333, 0],
						"0.25": [0, 30, 0],
						"0.375": [-7.5, 10, 0],
						"0.4167": [8.75, 13.33333, 0],
						"0.5417": [0, -17.5, 0],
						"0.6667": [-7.5, 10, 0],
						"0.7083": [8.75, 13.33333, 0],
						"0.75": [-7.5, 10, 0],
						"0.7917": [8.75, 13.33333, 0],
						"0.9167": [10, -30, 0]
					}
				},
				"jaw2": {
					"rotation": {
						"0.0": [0, 0, 0],
						"0.0417": [42.5, 0, 0],
						"0.25": [20, 0, 0],
						"0.2917": [42.5, 0, 0],
						"0.5": [20, 0, 0],
						"0.5417": [42.5, 0, 0],
						"0.75": [20, 0, 0],
						"0.7917": [42.5, 0, 0]
					}
				},
				"upperleftarm": {
					"rotation": {
						"0.0": [-2.5, 0, 0],
						"0.375": [62.60912, -2.49762, -92.50238],
						"0.75": [-82.39088, -2.49762, -92.50238]
					}
				},
				"lefthand": {
					"rotation": {
						"0.0": [-22.5, 0, 0],
						"0.3333": [-60, 0, 0]
					}
				},
				"upperleftarm2": {
					"rotation": {
						"0.0": [116.69815, 34.76135, 21.17901],
						"0.2083": [111.94261, -8.97063, 1.58499],
						"0.6667": [111.98439, 9.60407, 9.03274]
					}
				},
				"lefthand2": {
					"rotation": {
						"0.0": [-60, 0, 0],
						"0.375": [-54.82326, 29.78401, 19.29534],
						"0.6667": [-49.48325, -39.68013, -28.61928]
					}
				},
				"upperleftarm3": {
					"rotation": {
						"0.0": [107.62528, -31.26463, -9.36302],
						"0.2083": [154.02788, -73.26807, -63.0391],
						"0.6667": [109.27896, -38.3808, -12.25294]
					}
				},
				"lefthand3": {
					"rotation": {
						"0.0": [-35, 0, 0],
						"0.375": [6.93255, 34.39275, 102.14787],
						"0.6667": [-32.89913, -12.67956, -18.74227]
					}
				},
				"upperrightarm3": {
					"rotation": {
						"0.0": [0, 0, 0],
						"0.0417": [37.5, 0, 20],
						"0.5": [-108.29388, -16.66577, 25.41615],
						"0.8333": [-3.29388, -16.66577, 25.41615]
					},
					"position": [0, 0, 0],
					"scale": 1
				},
				"righthand3": {
					"rotation": {
						"0.0": [0, 0, 0],
						"0.125": [45, 0, 0],
						"0.4167": [-90, 0, 0],
						"0.875": [-12.5, 0, 0]
					},
					"position": [0, 0, 0]
				},
				"rightfeet": {
					"rotation": [-22.5, 0, 0]
				},
				"bottomrightfeet": {
					"rotation": [22.5, 0, 0]
				},
				"leftfeet": {
					"rotation": [-22.5, 0, 0]
				},
				"bottomleftfeet": {
					"rotation": [22.5, 0, 0]
				}
			}
		},
		"animation.mutant_zombie.death": {
			"animation_length": 1.29167,
			"override_previous_animation": true,
			"bones": {
				"main": {
					"rotation": ["Math.min(Math.sqrt(Math.max(0, query.anim_time * 20 - 0.5) / 20 * 1.6), 1) * 90", 0, "Math.min(Math.sqrt(Math.max(0, query.anim_time * 20 - 0.5) / 20 * 1.6), 1) * -90"],
					"position": {
						"0.5": [0, -1, 0],
						"0.8333": [0, 4, 0]
					}
				},